package,required_version,reason
transformers,4.39.3,exports is_torch_fx_available used by trust_remote_code modeling
accelerate,0.26.1,compatible with transformers 4.39.x
bitsandbytes,>=0.43.3,4-bit nf4 quant with double-quant
tokenizers,">=0.15,<0.20",transformers 4.39.x ABI
safetensors,">=0.4,<1.0",model weight format
huggingface_hub,">=0.20,<0.25",transformers 4.39.x ABI
sentencepiece,>=0.1.99,tokenizer for Llama/Mistral family
func_timeout,>=4.3,SQLite execution sandbox
jsonschema,>=4.20,plan validation
